{
  "roc_auc": 0.7864583333333334,
  "f1": 0.7058823529411765,
  "threshold": 0.4766113067168254,
  "positive_rate": 0.45
}