{
  "decision_threshold": 0.5,
  "feature_selection": "bwwpa",
  "top_k": 12,
  "selected_features": [
    "worst area",
    "worst concave points",
    "mean area",
    "worst perimeter",
    "worst radius",
    "mean concave points",
    "mean perimeter",
    "mean radius",
    "mean concavity",
    "worst concavity",
    "mean compactness",
    "worst compactness"
  ],
  "accuracy": 0.956140350877193,
  "precision": 0.971830985915493,
  "recall": 0.9583333333333334,
  "f1_score": 0.965034965034965,
  "roc_auc": 0.9920634920634921,
  "pr_auc": 0.9952131140445597,
  "brier_score": 0.03445760711411315,
  "confusion_matrix": [
    [
      40,
      2
    ],
    [
      3,
      69
    ]
  ],
  "classification_report": "              precision    recall  f1-score   support\n\n   malignant       0.93      0.95      0.94        42\n      benign       0.97      0.96      0.97        72\n\n    accuracy                           0.96       114\n   macro avg       0.95      0.96      0.95       114\nweighted avg       0.96      0.96      0.96       114\n",
  "precision_recall_curve": {
    "precision": [
      0.631578947368421,
      0.6371681415929203,
      0.6428571428571429,
      0.6486486486486487,
      0.6545454545454545,
      0.6605504587155964,
      0.6666666666666666,
      0.6728971962616822,
      0.6792452830188679,
      0.6857142857142857,
      0.6923076923076923,
      0.6990291262135923,
      0.7058823529411765,
      0.7128712871287128,
      0.72,
      0.7272727272727273,
      0.7346938775510204,
      0.7422680412371134,
      0.75,
      0.7578947368421053,
      0.7659574468085106,
      0.7741935483870968,
      0.782608695652174,
      0.7912087912087912,
      0.8,
      0.8089887640449438,
      0.8181818181818182,
      0.8275862068965517,
      0.8372093023255814,
      0.8470588235294118,
      0.8571428571428571,
      0.8674698795180723,
      0.8780487804878049,
      0.8888888888888888,
      0.9,
      0.9113924050632911,
      0.9230769230769231,
      0.935064935064935,
      0.9473684210526315,
      0.9466666666666667,
      0.9459459459459459,
      0.958904109589041,
      0.9583333333333334,
      0.971830985915493,
      0.9714285714285714,
      0.9710144927536232,
      0.9852941176470589,
      0.9850746268656716,
      0.9848484848484849,
      0.9846153846153847,
      0.984375,
      0.9841269841269841,
      0.9838709677419355,
      0.9836065573770492,
      0.9833333333333333,
      0.9830508474576272,
      1.0,
      1.0,
      1.0,
      1.0,
      1.0,
      1.0,
      1.0,
      1.0,
      1.0,
      1.0,
      1.0,
      1.0,
      1.0,
      1.0,
      1.0,
      1.0,
      1.0,
      1.0,
      1.0,
      1.0,
      1.0,
      1.0,
      1.0,
      1.0,
      1.0,
      1.0,
      1.0,
      1.0,
      1.0,
      1.0,
      1.0,
      1.0,
      1.0,
      1.0,
      1.0,
      1.0,
      1.0,
      1.0,
      1.0,
      1.0,
      1.0,
      1.0,
      1.0,
      1.0,
      1.0,
      1.0,
      1.0,
      1.0,
      1.0,
      1.0,
      1.0,
      1.0,
      1.0,
      1.0,
      1.0,
      1.0,
      1.0,
      1.0,
      1.0
    ],
    "recall": [
      1.0,
      1.0,
      1.0,
      1.0,
      1.0,
      1.0,
      1.0,
      1.0,
      1.0,
      1.0,
      1.0,
      1.0,
      1.0,
      1.0,
      1.0,
      1.0,
      1.0,
      1.0,
      1.0,
      1.0,
      1.0,
      1.0,
      1.0,
      1.0,
      1.0,
      1.0,
      1.0,
      1.0,
      1.0,
      1.0,
      1.0,
      1.0,
      1.0,
      1.0,
      1.0,
      1.0,
      1.0,
      1.0,
      1.0,
      0.9861111111111112,
      0.9722222222222222,
      0.9722222222222222,
      0.9583333333333334,
      0.9583333333333334,
      0.9444444444444444,
      0.9305555555555556,
      0.9305555555555556,
      0.9166666666666666,
      0.9027777777777778,
      0.8888888888888888,
      0.875,
      0.8611111111111112,
      0.8472222222222222,
      0.8333333333333334,
      0.8194444444444444,
      0.8055555555555556,
      0.8055555555555556,
      0.7916666666666666,
      0.7777777777777778,
      0.7638888888888888,
      0.75,
      0.7361111111111112,
      0.7222222222222222,
      0.7083333333333334,
      0.6944444444444444,
      0.6805555555555556,
      0.6666666666666666,
      0.6527777777777778,
      0.6388888888888888,
      0.625,
      0.6111111111111112,
      0.5972222222222222,
      0.5833333333333334,
      0.5694444444444444,
      0.5555555555555556,
      0.5416666666666666,
      0.5277777777777778,
      0.5138888888888888,
      0.5,
      0.4861111111111111,
      0.4722222222222222,
      0.4583333333333333,
      0.4444444444444444,
      0.4305555555555556,
      0.4166666666666667,
      0.4027777777777778,
      0.3888888888888889,
      0.375,
      0.3611111111111111,
      0.3472222222222222,
      0.3333333333333333,
      0.3194444444444444,
      0.3055555555555556,
      0.2916666666666667,
      0.2777777777777778,
      0.2638888888888889,
      0.25,
      0.2361111111111111,
      0.2222222222222222,
      0.20833333333333334,
      0.19444444444444445,
      0.18055555555555555,
      0.16666666666666666,
      0.1527777777777778,
      0.1388888888888889,
      0.125,
      0.1111111111111111,
      0.09722222222222222,
      0.08333333333333333,
      0.06944444444444445,
      0.05555555555555555,
      0.041666666666666664,
      0.027777777777777776,
      0.013888888888888888,
      0.0
    ],