{
  "mae": 0.044086255089787266,
  "rmse": 0.06022821841373983,
  "r2": 0.8032941752195317,
  "predictions": [
    0.6951522993610519,
    0.5978643696536218,
    0.6786119067178306,
    0.5406207105317822,
    0.8042894015185762,
    0.8295904806817166,
    0.8399445984186912,
    0.944389427507815,
    0.8913843931051397,
    1.051815490616967,
    1.0633695891441834,
    0.7475255296522545,
    0.7654382924376592,
    0.7272697956387574,
    0.6451003785363424,
    0.8426327593726329,
    0.7706973086788896,
    0.906570313667168,
    0.6045483421107621,
    0.7497255966574374
  ],
  "observed": [
    0.6803257971034482,
    0.596610234812247,
    0.6443904937200657,
    0.6129671819248907,
    0.7417576454438608,
    0.8326514557012237,
    0.8840892370570892,
    0.8490995691918255,
    0.9211617640859383,
    0.9750669385785863,
    1.0579942307638992,
    0.627557222956552,
    0.7443887210207579,
    0.8564780662985021,
    0.6448851257199438,
    0.8681860688756917,
    0.6659225352258802,
    0.93741352134284,
    0.6098129876967252,
    0.7444548636060678
  ]
}