,count,mean,std,min,25%,50%,75%,max,missing_values
day_of_week,80.0,3.15,1.9232093430552977,0.0,2.0,3.0,5.0,6.0,0
season_index,80.0,0.4812676077369867,0.26580029176678854,0.007362269751005512,0.27064866174874913,0.46039650289486367,0.7014901711582706,0.9691763773477239,0
community_infection_rate,80.0,0.1826890697051004,0.08235863299485449,0.009436297541495248,0.11479580069689271,0.17310316492287187,0.23530183259963422,0.41310899728058637,0
admission_lag_1,80.0,0.7135375845312234,0.12105958491230175,0.4623253164313614,0.6314907383122321,0.7027002813740435,0.7632334733326234,1.0,0
discharge_lag_1,80.0,0.6934248132681373,0.15044671917031552,0.2950012338603054,0.6075179650731455,0.7172862588384377,0.7985305518957199,0.9530969236470203,0
temperature_c,80.0,20.189125649105087,8.042221811916857,2.331071041213562,14.590682225266816,20.25327959178292,25.7286062603871,39.62122480276868,0
event_load,80.0,0.4879404889678215,0.2582268522685696,0.010727644975676243,0.3093972833807825,0.4988872858502613,0.6612410546822968,0.9954644725836371,0
staff_absence,80.0,0.11553781510926486,0.06776088121787271,0.0,0.06049849731052258,0.11138023351486001,0.16037374654083592,0.2624551311911747,0
