{
  "decision_threshold": 0.5,
  "accuracy": 0.75,
  "precision": 0.6,
  "recall": 0.5,
  "f1_score": 0.5454545454545454,
  "roc_auc": 0.8333333333333333,
  "pr_auc": 0.6763888888888888,
  "brier_score": 0.15282269503191995,
  "confusion_matrix": [
    [
      12,
      2
    ],
    [
      3,
      3
    ]
  ],
  "classification_report": "              precision    recall  f1-score   support\n\n           0       0.80      0.86      0.83        14\n           1       0.60      0.50      0.55         6\n\n    accuracy                           0.75        20\n   macro avg       0.70      0.68      0.69        20\nweighted avg       0.74      0.75      0.74        20\n",
  "precision_recall_curve": {
    "precision": [
      0.3,
      0.3157894736842105,
      0.3333333333333333,
      0.35294117647058826,
      0.375,
      0.4,
      0.42857142857142855,
      0.46153846153846156,
      0.5,
      0.45454545454545453,
      0.5,
      0.5555555555555556,
      0.625,
      0.5714285714285714,
      0.6666666666666666,
      0.6,
      0.5,
      0.6666666666666666,
      0.5,
      1.0,
      1.0
    ],
    "recall": [
      1.0,
      1.0,
      1.0,
      1.0,
      1.0,
      1.0,
      1.0,
      1.0,
      1.0,
      0.8333333333333334,
      0.8333333333333334,
      0.8333333333333334,
      0.8333333333333334,
      0.6666666666666666,
      0.6666666666666666,
      0.5,
      0.3333333333333333,
      0.3333333333333333,
      0.16666666666666666,
      0.16666666666666666,
      0.0
    ],
    "thresholds": [
      0.05499084249084248,
      0.060476190476190475,
      0.06999999999999999,
      0.08674242424242425,
      0.09345238095238095,
      0.095,
      0.18888528138528143,
      0.19257575757575757,
      0.21648809523809526,
      0.2788003663003663,
      0.2819118381618382,
      0.34797619047619044,
      0.39721861471861475,
      0.40619047619047627,
      0.426504329004329,
      0.5683241758241757,
      0.5699475524475525,
      0.7239448051948052,
      0.7645238095238095,
      0.8402380952380952
    ]
  },
  "calibration_curve": {
    "fraction_positives": [
      0.0,
      0.0,
      0.0,
      0.0,
      0.5,
      0.0,
      0.5,
      1.0,
      0.5,
      0.5
    ],
    "mean_predicted_value": [
      0.057733516483516475,
      0.07837121212121212,
      0.09422619047619048,
      0.1907305194805195,
      0.24764423076923078,
      0.3149440143190143,
      0.4017045454545455,
      0.49741425241425236,
      0.6469461788211788,
      0.8023809523809524
    ]
  }
}