,count,mean,std,min,25%,50%,75%,max,missing_values
age,80.0,28.154327044036773,4.646297785905021,16.29378886807698,25.213857951570255,28.73357863692404,31.762089111610827,40.84988560522277,0
gestational_weeks,80.0,25.671301580621446,7.1641535563519705,9.943629754149526,19.713973785028585,25.289358980134388,30.35530388674769,41.0,0
systolic_bp,80.0,117.67482914003577,17.51707049171114,80.0,104.92857085892109,115.54170395176195,126.44349418652575,163.31453267561056,0
proteinuria,80.0,0.4138870024855585,0.41225730323740406,0.0,0.053762294853892126,0.3264055364835277,0.5528856815203175,1.7525335846202035,0
hemoglobin,80.0,11.276853588067162,1.62562227168652,7.503834501387768,10.115059495692602,11.569671515401788,12.405096020627854,14.924244960553736,0
travel_hours,80.0,1.8250771486616082,1.2996835126243562,0.0,0.875610005423755,1.6693239285620112,2.563935509460106,5.436743217234165,0
previous_complications,80.0,0.6875,0.8358085602379821,0.0,0.0,0.0,1.0,3.0,0
anc_visits,80.0,3.3875,1.8520857212848818,0.0,2.0,3.0,4.25,8.0,0
