{
  "decision_threshold": 0.5,
  "accuracy": 0.75,
  "precision": 1.0,
  "recall": 0.2857142857142857,
  "f1_score": 0.4444444444444444,
  "roc_auc": 0.9010989010989011,
  "pr_auc": 0.8242424242424242,
  "brier_score": 0.14650924413309047,
  "confusion_matrix": [
    [
      13,
      0
    ],
    [
      5,
      2
    ]
  ],
  "classification_report": "              precision    recall  f1-score   support\n\n           0       0.72      1.00      0.84        13\n           1       1.00      0.29      0.44         7\n\n    accuracy                           0.75        20\n   macro avg       0.86      0.64      0.64        20\nweighted avg       0.82      0.75      0.70        20\n",
  "precision_recall_curve": {
    "precision": [
      0.35,
      0.3684210526315789,
      0.4117647058823529,
      0.4375,
      0.4666666666666667,
      0.5,
      0.5384615384615384,
      0.5833333333333334,
      0.6363636363636364,
      0.6,
      0.6666666666666666,
      0.75,
      0.7142857142857143,
      0.8333333333333334,
      0.8,
      0.75,
      0.6666666666666666,
      1.0,
      1.0,
      1.0
    ],
    "recall": [
      1.0,
      1.0,
      1.0,
      1.0,
      1.0,
      1.0,
      1.0,
      1.0,
      1.0,
      0.8571428571428571,
      0.8571428571428571,
      0.8571428571428571,
      0.7142857142857143,
      0.7142857142857143,
      0.5714285714285714,
      0.42857142857142855,
      0.2857142857142857,
      0.2857142857142857,
      0.14285714285714285,
      0.0
    ],
    "thresholds": [
      0.10685875971482317,
      0.10913501546948519,
      0.1143471686348582,
      0.14443021241401524,
      0.1598560904187627,
      0.1664372831426782,
      0.1822892926274783,
      0.19615947785161528,
      0.1981324489163856,
      0.19921871275438496,
      0.24744261761039354,
      0.2931855182731599,
      0.31098507433350825,
      0.3425134537750168,
      0.382477742571787,
      0.4838293000114453,
      0.4891369769775129,
      0.7537590463693524,
      0.8739185266066328
    ]
  },
  "calibration_curve": {
    "fraction_positives": [
      0.0,
      0.0,
      0.0,
      0.0,
      0.5,
      0.0,
      0.5,
      1.0,
      0.5,
      1.0
    ],
    "mean_predicted_value": [
      0.1083762635512645,
      0.1143471686348582,
      0.15214315141638896,
      0.17436328788507827,
      0.19714596338400042,
      0.22333066518238925,
      0.3020852963033341,
      0.36249559817340193,
      0.4864831384944791,
      0.8138387864879926
    ]
  }
}