,count,mean,std,min,25%,50%,75%,max,missing_values
temperature_c,80.0,35.11574528302758,3.4847233394287658,26.220341651057737,32.91039346367769,35.55018397769303,37.82156683370812,44.637414203917075,0
humidity_pct,80.0,55.570535322297225,14.90233598650769,23.887259508299053,43.42794757005717,54.578717960268776,64.71060777349538,100.0,0
wbgt,80.0,32.88882608882593,3.6206376802577482,25.44195781193124,30.168692972619425,33.57347063251086,34.579847798565226,43.574305268426954,0
age,80.0,49.14095053737851,18.539712384413836,1.800148063236641,39.13544261474012,48.950599313407,57.10388453473143,95.0,0
chronic_conditions,80.0,1.225,1.0308531553272278,0.0,0.75,1.0,2.0,5.0,0
outdoor_hours,80.0,3.9269969108542426,2.3428630758251856,0.0,2.180019824867657,3.783506471408052,5.609424173961781,10.051037530618506,0
hydration_liters,80.0,1.8081560668206706,0.7475570966380718,0.21105376834935696,1.2466563280509093,1.7838255305995774,2.269522399012639,3.684529566824902,0
cooling_access,80.0,0.45267315088160365,0.28409435436905534,0.001233062511908134,0.23980332544016206,0.4321497565071084,0.6767626971489713,0.9947017489350248,0
