{
  "roc_auc": 0.7289915966386554,
  "f1": 0.6829268292682927,
  "threshold": 0.2567763480703804,
  "positive_rate": 0.5333333333333333
}